{
  "hash": "efb5c67b",
  "configHash": "315c6c1b",
  "lockfileHash": "d0a33023",
  "browserHash": "b4ee6616",
  "optimized": {
    "@angular/cdk/bidi": {
      "src": "../../../../../../node_modules/@angular/cdk/fesm2022/bidi.mjs",
      "file": "@angular_cdk_bidi.js",
      "fileHash": "0e6c1d00",
      "needsInterop": false
    },
    "@angular/cdk/text-field": {
      "src": "../../../../../../node_modules/@angular/cdk/fesm2022/text-field.mjs",
      "file": "@angular_cdk_text-field.js",
      "fileHash": "ab5be2a5",
      "needsInterop": false
    },
    "@angular/common": {
      "src": "../../../../../../node_modules/@angular/common/fesm2022/common.mjs",
      "file": "@angular_common.js",
      "fileHash": "90e6db13",
      "needsInterop": false
    },
    "@angular/common/http": {
      "src": "../../../../../../node_modules/@angular/common/fesm2022/http.mjs",
      "file": "@angular_common_http.js",
      "fileHash": "b4572087",
      "needsInterop": false
    },
    "@angular/core": {
      "src": "../../../../../../node_modules/@angular/core/fesm2022/core.mjs",
      "file": "@angular_core.js",
      "fileHash": "a059c273",
      "needsInterop": false
    },
    "@angular/forms": {
      "src": "../../../../../../node_modules/@angular/forms/fesm2022/forms.mjs",
      "file": "@angular_forms.js",
      "fileHash": "2acfcd9f",
      "needsInterop": false
    },
    "@angular/material/button": {
      "src": "../../../../../../node_modules/@angular/material/fesm2022/button.mjs",
      "file": "@angular_material_button.js",
      "fileHash": "82640830",
      "needsInterop": false
    },
    "@angular/material/form-field": {
      "src": "../../../../../../node_modules/@angular/material/fesm2022/form-field.mjs",
      "file": "@angular_material_form-field.js",
      "fileHash": "29f5f181",
      "needsInterop": false
    },
    "@angular/material/input": {
      "src": "../../../../../../node_modules/@angular/material/fesm2022/input.mjs",
      "file": "@angular_material_input.js",
      "fileHash": "e64db7aa",
      "needsInterop": false
    },
    "@angular/material/table": {
      "src": "../../../../../../node_modules/@angular/material/fesm2022/table.mjs",
      "file": "@angular_material_table.js",
      "fileHash": "11c3ba30",
      "needsInterop": false
    },
    "@angular/platform-browser": {
      "src": "../../../../../../node_modules/@angular/platform-browser/fesm2022/platform-browser.mjs",
      "file": "@angular_platform-browser.js",
      "fileHash": "bc9d0c13",
      "needsInterop": false
    },
    "@angular/router": {
      "src": "../../../../../../node_modules/@angular/router/fesm2022/router.mjs",
      "file": "@angular_router.js",
      "fileHash": "a4ce42db",
      "needsInterop": false
    }
  },
  "chunks": {
    "chunk-WQ7ASZAN": {
      "file": "chunk-WQ7ASZAN.js"
    },
    "chunk-E5INFGEG": {
      "file": "chunk-E5INFGEG.js"
    },
    "chunk-ZUJ5J26X": {
      "file": "chunk-ZUJ5J26X.js"
    },
    "chunk-A2L2KL6M": {
      "file": "chunk-A2L2KL6M.js"
    },
    "chunk-PAPWF54N": {
      "file": "chunk-PAPWF54N.js"
    },
    "chunk-Y5J6LIDK": {
      "file": "chunk-Y5J6LIDK.js"
    },
    "chunk-MFQYG2VI": {
      "file": "chunk-MFQYG2VI.js"
    },
    "chunk-6NOZSHUO": {
      "file": "chunk-6NOZSHUO.js"
    },
    "chunk-LW3I4QHA": {
      "file": "chunk-LW3I4QHA.js"
    },
    "chunk-VGSF3AQD": {
      "file": "chunk-VGSF3AQD.js"
    },
    "chunk-3ALOPMQO": {
      "file": "chunk-3ALOPMQO.js"
    },
    "chunk-BM6TBBLV": {
      "file": "chunk-BM6TBBLV.js"
    }
  }
}